Time, Soil 1, Soil 2, Soil 3, humidity, pressure, temperature 
2021-12-05 11:43:45.559980, 1023, 1023, 1023, 63.45251383507472, 1016.0248751837921, 16.34536831623409 
2021-12-05 11:44:56.665539, 1023, 1023, 1023, 63.53742519759154, 1016.044925570776, 16.391086748527595 
2021-12-05 11:46:07.761803, 1023, 1022, 1023, 63.847356805991446, 1015.9711509724739, 16.34536831623409 
2021-12-05 11:47:18.858007, 1023, 1023, 1023, 63.68047590892579, 1015.9861564487209, 16.304729729541577 
2021-12-05 11:48:29.954109, 1023, 1023, 1023, 63.85593923937302, 1015.932435784791, 16.304729729541577 
2021-12-05 15:49:52.664648, 306, 191, 218, 64.1560941608043, 1013.25238794453, 7.740563199017197 
2021-12-05 15:50:41.149946, 306, 191, 226, 64.40459613783949, 1013.3047822625496, 7.593262708425755 
2021-12-05 16:50:52.296060, 297, 176, 193, 76.14654194705622, 1012.7687451531333, 5.114587718580151 
2021-12-05 17:51:03.431969, 285, 182, 186, 78.57116532762551, 1012.7262944344906, 4.34255556637072 
2021-12-05 18:51:14.567306, 286, 178, 184, 81.07878780753816, 1012.2277121391985, 3.8092478091130033 
2021-12-05 19:51:25.717324, 290, 194, 178, 78.79418013624459, 1012.5155323232143, 4.34255556637072 
2021-12-05 20:51:36.852717, 286, 184, 177, 81.67852806109006, 1011.7141931754281, 3.768614968680777 
2021-12-05 21:51:47.988814, 287, 182, 175, 79.98353838049887, 1011.7708866626026, 4.24097288903431 
2021-12-05 22:51:59.124835, 274, 186, 164, 81.4487388439356, 1010.1738737241798, 4.149548578966642 
2021-12-05 23:52:10.260816, 284, 203, 176, 80.70064022853944, 1009.7162027029565, 4.80983738154755 
2021-12-06 00:52:21.376744, 290, 192, 167, 81.95209334771839, 1008.6055603884606, 4.840312368102604 
2021-12-06 01:52:32.511939, 285, 214, 180, 82.3763172625821, 1008.5720737795895, 4.982529110560426 
2021-12-06 02:52:43.648087, 288, 194, 184, 83.62544855501592, 1008.6645011285266, 4.225735497474671 
2021-12-06 03:52:54.781135, 293, 197, 188, 85.74142075247691, 1008.206133476289, 4.560958716855384 
2021-12-06 04:53:05.917421, 291, 225, 201, 90.17515497648058, 1007.0813822048955, 5.104429357132176 
2021-12-06 05:53:17.054126, 294, 200, 194, 94.56083294397826, 1005.486903560572, 4.982529110560426 
2021-12-06 06:53:28.094523, 297, 211, 194, 92.90544391323117, 1004.6426350797323, 5.719012320064939 
2021-12-06 07:53:39.230291, 304, 207, 192, 92.31423581747877, 1004.3594795918023, 6.232014585012803 
2021-12-06 08:53:50.366387, 291, 211, 207, 92.58688968991191, 1004.3118226735269, 6.612958781816997 
2021-12-06 09:54:01.502512, 300, 223, 207, 89.68935242331848, 1003.7984413873829, 7.1818384967977185 
2021-12-06 10:54:12.594802, 311, 222, 210, 92.24973545589401, 1003.2292347016796, 7.420565893227467 
2021-12-06 11:54:23.729996, 311, 211, 219, 96.19392324536258, 1001.988613701177, 6.993904615711654 
2021-12-06 12:54:34.865541, 320, 229, 220, 97.4906894520779, 1000.936535916361, 7.410407267516712 
2021-12-06 13:54:46.001780, 338, 242, 232, 96.09832579797519, 1001.571432381148, 7.8065945328737145 
2021-12-06 14:54:57.057805, 332, 251, 239, 97.44858661754476, 1000.3501719228531, 8.019926870713244 
2021-12-06 17:52:52.178217, 352, 273, 284, 96.00247550637215, 999.4060850178814, 8.390720012877136 
2021-12-06 18:53:03.323248, 345, 265, 290, 96.42606475184633, 999.6279519143665, 8.44659308656701 
2021-12-06 19:53:14.456877, 360, 279, 260, 97.07821184986089, 999.3271238649318, 8.57357747592032 
2021-12-06 20:53:25.567820, 350, 277, 264, 97.02690603826369, 999.3936615571457, 8.665006348886527 
2021-12-06 21:53:36.703010, 353, 289, 270, 96.73180711520331, 999.461767026676, 8.807229227595963 
2021-12-06 22:53:47.838591, 381, 292, 265, 96.69541967979833, 999.5878712116453, 8.852943772781874 
2021-12-06 23:53:58.897798, 373, 288, 280, 96.58289606887195, 999.8038766109424, 8.888499546446837 
2021-12-07 00:54:09.937796, 382, 281, 269, 96.73514961064805, 999.7036887031124, 8.908817137801089 
2021-12-07 01:54:21.057813, 366, 297, 277, 96.54348425785855, 999.7804971291096, 8.99008754978422 
2021-12-07 02:54:32.193968, 373, 300, 280, 96.83909330167437, 1000.2549123926401, 8.888499546446837 
2021-12-07 03:54:43.329766, 384, 312, 309, 97.24438092665456, 1000.1899372292035, 8.847864377708174 
2021-12-07 04:54:54.417792, 376, 304, 308, 97.08117049360878, 999.9333153023545, 8.786911659524776 
2021-12-07 05:55:05.553852, 384, 313, 296, 96.72943132766642, 1000.0091035919727, 8.751355926605175 
2021-12-07 06:55:16.689835, 382, 309, 289, 97.62489836604716, 1000.6644389774799, 8.365323172841453 
2021-12-07 07:55:27.737793, 396, 319, 333, 97.1712432398631, 1001.1295969493535, 8.705641433806159 
2021-12-07 08:55:38.817810, 336, 318, 292, 91.65654994799273, 1001.8484417171699, 10.366616470791632 
2021-12-07 09:55:49.953209, 396, 324, 307, 79.07438751396654, 1002.2124374267472, 13.800412766827503 
2021-12-07 10:56:01.089212, 364, 306, 273, 62.600209544026214, 1001.8331269732834, 17.793130118731643 
2021-12-07 11:56:12.224944, 362, 292, 266, 67.08974156943268, 1001.2505794802454, 16.30980955185951 
2021-12-07 12:56:23.360803, 359, 285, 263, 64.33720578251952, 1000.6071181282781, 17.020987548917766 
2021-12-07 13:56:34.495493, 355, 283, 233, 53.5460386922671, 999.6972332984984, 19.591435590718174 
2021-12-07 14:56:45.631113, 353, 276, 256, 71.02892421856295, 999.4725167125405, 15.258292537275702 
2021-12-07 15:56:56.766858, 364, 294, 274, 75.95597974712263, 999.7221029508979, 12.606696310848928 
2021-12-07 16:57:07.902898, 363, 312, 273, 85.12173235919542, 998.8095198040802, 10.996474469924578 
2021-12-07 17:57:19.038088, 352, 311, 276, 91.69570561087838, 998.8080049696541, 8.680244503548602 
2021-12-07 18:57:30.174227, 364, 306, 269, 89.50117778291741, 999.0787875909996, 9.31516994277481 
2021-12-07 19:57:41.277800, 367, 307, 278, 89.13036597887856, 999.1255542831367, 9.660571291507221 
2021-12-07 20:57:52.413925, 388, 302, 276, 93.5976475905918, 999.266482519348, 9.66565073314705 
2021-12-07 21:58:03.457789, 365, 312, 277, 93.26268604055552, 999.4149371269004, 9.558982519828714 
2021-12-07 22:58:14.547830, 380, 320, 298, 92.78779241165752, 999.8037365723342, 9.320249364624033 
2021-12-07 23:58:25.684030, 400, 324, 296, 91.567156773883, 1000.0154877196044, 9.569141391757876 
2021-12-08 00:58:36.820065, 386, 332, 296, 94.60940688730953, 999.9148199476176, 8.543101205886341 
2021-12-08 01:58:47.937805, 408, 336, 302, 90.89542523266726, 999.8123378209796, 9.076437444152543 
2021-12-08 02:58:59.040340, 402, 338, 306, 88.57973286364606, 1000.0343355682818, 9.132310950034299 
2021-12-08 03:59:10.176332, 402, 334, 307, 98.42366778528401, 1000.0866584601108, 8.136751939938403 
2021-12-08 04:59:21.312133, 400, 332, 325, 93.71395547363518, 1000.2667758472973, 7.98437144542113 
2021-12-08 05:59:32.367815, 392, 330, 305, 91.70186118980882, 1000.6576352579683, 7.3850107083329934 
2021-12-08 06:59:43.427804, 401, 341, 309, 92.43935411854662, 1000.9143122052794, 7.115807628311449 
2021-12-08 07:59:54.563788, 412, 344, 313, 91.46060519806966, 1001.1662367954673, 6.745019818842411 
2021-12-08 09:00:05.699883, 410, 363, 318, 84.80596210901973, 1001.1193227313115, 8.334846974402899 
2021-12-08 10:00:16.835618, 414, 347, 317, 78.27815653823374, 1001.6285921435541, 9.680889059812761 
2021-12-08 11:00:27.937788, 413, 356, 322, 79.65025257432501, 1001.8105101712539, 10.625670428667217 
2021-12-08 12:00:39.073530, 405, 345, 316, 78.36430306007367, 1001.8119010189198, 9.513267610553886 
2021-12-08 13:00:50.209393, 436, 350, 316, 88.92239311614111, 1001.8014575087888, 7.933578005456366 
2021-12-08 14:01:01.297786, 384, 340, 306, 77.50218771407012, 1001.4500150383022, 8.69040327477851 
2021-12-08 15:01:12.433484, 416, 349, 314, 76.06062734492319, 1001.3190477952473, 8.360243805707432 
2021-12-08 16:01:23.569454, 396, 349, 325, 78.5290339712446, 1001.7163516257527, 7.3850107083329934 
2021-12-08 17:01:34.705274, 408, 333, 330, 87.1379672064047, 1001.9392975812392, 6.287886298098601 
2021-12-17 13:11:36.357203, 357, 173, 167, 50.760806256646426, 1008.1812838270473, 13.769934699923033 
2021-12-17 13:12:52.470665, 344, 187, 160, 52.233811454870335, 1008.1711392982311, 13.480393586889841 
2021-12-17 13:14:08.572173, 367, 174, 160, 52.43395087006873, 1008.159117239657, 13.739456643495942 
2021-12-17 13:15:24.673481, 311, 179, 148, 49.06939697635816, 1008.2285056388844, 14.399816878518322 
2021-12-17 13:16:40.774712, 342, 179, 162, 45.67723772866969, 1008.19777811236, 15.51736078891554 
2021-12-17 13:58:37.596282, 287, 187, 176, 61.00384393730921, 1008.1657610110337, 10.72218092023977 
2021-12-17 13:59:53.708973, 288, 173, 178, 61.22233893250062, 1008.1564260198893, 11.047269664850319 
2021-12-17 14:01:09.756972, 291, 187, 157, 61.82509495620645, 1008.1980451287706, 10.87456612084643 
2021-12-17 14:06:31.961109, 289, 180, 174, 63.80647709144637, 1008.2399645687116, 10.50376258948818 
2021-12-17 14:07:48.074019, 288, 186, 168, 62.763278088868034, 1008.180370658393, 10.615511435666122 
2021-12-17 14:09:04.175512, 290, 186, 172, 62.97565599340364, 1008.1207046456309, 10.727260422706603 
2021-12-17 14:14:59.876816, 292, 193, 184, 62.811687487217704, 1008.0250357896016, 10.519001060217851 
2021-12-17 15:15:15.992093, 290, 188, 161, 68.90150258740978, 1008.0445202676677, 8.634530047420412 
2021-12-17 16:15:32.133287, 294, 179, 150, 76.87572674233753, 1008.1754425063424, 6.582483185827732 
2021-12-17 17:15:48.274560, 294, 157, 179, 87.24690291647993, 1008.386423655745, 4.119073829898843 
2021-12-17 18:16:04.360822, 594, 175, 175, 93.2184846583693, 1008.5082873385077, 3.0575432762736456 
2021-12-17 19:16:20.502214, 538, 185, 160, 94.50111933961377, 1008.5066988354326, 3.0727804670168553 
2021-12-17 20:16:36.643400, 516, 186, 165, 95.03359104208845, 1008.1599139357634, 3.037227026023902 
2021-12-17 21:16:52.784682, 502, 180, 162, 91.56502666055255, 1007.9224892735073, 4.662541760900058 
2021-12-17 22:17:08.926256, 489, 188, 163, 90.17898393755196, 1008.0046606031983, 4.71333332657814 
2021-12-17 23:17:25.067476, 482, 181, 161, 90.18755717001578, 1008.064460983777, 4.571117016021162 
2021-12-18 00:17:41.208836, 478, 180, 191, 87.02603092236447, 1007.7249842980667, 4.62190852931235 
2021-12-18 01:17:57.349313, 473, 180, 159, 84.42620311247298, 1007.160771777491, 4.79459989219904 
2021-12-18 02:18:13.490802, 473, 182, 166, 82.65379781783008, 1006.7185689943544, 4.8961832039989535 
2021-12-18 03:18:29.631963, 470, 182, 175, 79.98350603052438, 1006.2467067620512, 5.175537911715219 
2021-12-18 04:18:45.773386, 468, 203, 179, 79.50392911243986, 1005.7165985299704, 5.272042469889857 
2021-12-18 05:19:01.881115, 467, 180, 166, 78.92087298792771, 1005.0616298516412, 5.454893499822356 
2021-12-18 06:19:18.001908, 469, 178, 146, 80.51818970292615, 1004.6158596955282, 5.358388742577517 
2021-12-18 07:19:34.081918, 463, 149, 165, 80.79632720300076, 1004.3000766081376, 5.424418301973492 
2021-12-18 08:19:50.131907, 462, 177, 165, 78.8263828831594, 1003.9098633089188, 5.952656547818333 
2021-12-18 09:20:06.241909, 448, 179, 162, 71.20258667041902, 1003.3703288987683, 7.68976989875082 
2021-12-18 10:20:22.321928, 448, 178, 162, 67.73027497294854, 1003.4676423103426, 8.807229227595963 
2021-12-18 11:20:38.401903, 430, 178, 162, 54.18417649458978, 1002.4313502837313, 10.381854917947203 
2021-12-18 12:20:54.481900, 420, 175, 160, 51.35976165364758, 1000.9151688023895, 11.799041952571134 
2021-12-18 13:21:10.561932, 420, 185, 156, 54.22286705172764, 999.7578065505346, 11.641575607750564 
2021-12-18 14:21:26.641908, 415, 158, 145, 53.59599063980504, 999.1678129546632, 11.321564220363507 
2021-12-18 15:21:42.721957, 406, 176, 157, 56.430820797385735, 998.9379541131387, 11.026951583387563 
2021-12-18 16:21:58.801917, 410, 156, 167, 59.68215027072515, 998.2962733190453, 10.524080551043152 
2021-12-18 17:22:14.881905, 418, 182, 148, 63.01570178153595, 997.2650063366216, 10.31074218696449 
2021-12-18 18:22:30.962030, 415, 169, 146, 65.2376668417438, 996.7177845292306, 10.468206167971948 
2021-12-18 19:22:47.042170, 420, 170, 154, 63.41914537301972, 996.0085215173391, 10.808532501757146 
2021-12-18 20:23:03.121947, 414, 165, 156, 63.20078420300432, 995.4666648083022, 10.869486609939486 
2021-12-18 21:23:19.201908, 405, 171, 164, 64.74297713837487, 995.5980235462616, 10.767896452918649 
2021-12-18 22:23:35.281998, 414, 180, 156, 69.16386187124107, 995.3233988514581, 10.427570275129984 
2021-12-18 23:23:51.361946, 413, 170, 174, 86.94091118999104, 995.8670655455799, 8.898658341541886 
2021-12-19 00:24:07.501873, 417, 173, 179, 100.0, 996.2243198582316, 5.7037746744288595 
2021-12-19 01:24:23.643256, 418, 178, 176, 100.0, 996.1406524657829, 4.4796923654386775 
2021-12-19 02:24:39.784608, 427, 181, 161, 100.0, 996.4885255792343, 3.890513545856811 
2021-12-19 03:24:55.925727, 429, 165, 168, 100.0, 996.185146864844, 3.585767417238094 
2021-12-19 04:25:12.066761, 431, 198, 166, 100.0, 995.4907704455704, 3.1845199458359277 
2021-12-19 05:25:28.208064, 436, 181, 169, 100.0, 995.8498451448687, 2.8340647796401752 
2021-12-19 06:25:44.339558, 446, 183, 170, 100.0, 995.8004856718712, 2.737562875734875 
2021-12-19 07:26:00.471915, 438, 187, 174, 100.0, 995.9073642605754, 2.5090061540016904 
2021-12-19 08:26:16.601915, 437, 201, 171, 100.0, 995.7607502778959, 2.2042647751281037 
2021-12-19 09:26:32.743024, 438, 180, 172, 100.0, 995.7760837598519, 2.5090061540016904 
2021-12-19 10:26:48.884417, 443, 202, 174, 100.0, 996.3976573624876, 2.6512191560352223 
2021-12-19 11:27:05.025746, 440, 194, 156, 100.0, 995.980590719591, 2.76803714982816 
2021-12-19 12:27:21.167043, 440, 191, 176, 100.0, 995.6111967564543, 3.062622339563677 
2021-12-19 13:27:37.308402, 433, 207, 175, 100.0, 995.441394083991, 3.367366669565672 
2021-12-19 14:27:53.449710, 429, 194, 172, 100.0, 994.829788768902, 3.2149943735974373 
2021-12-19 15:28:09.591166, 430, 197, 174, 100.0, 994.9735845857854, 3.2556269602442627 
2021-12-19 16:28:25.732363, 421, 216, 175, 100.0, 994.7674919618679, 2.9458039575256407 
2021-12-19 17:28:41.841989, 429, 196, 173, 100.0, 995.1448736289999, 2.8696181391424034 
2021-12-19 18:28:57.921932, 427, 191, 151, 100.0, 995.1018562256521, 2.7934323862427846 
2021-12-19 19:29:13.981926, 426, 195, 172, 100.0, 995.4644525509607, 2.9051715129055085 
2021-12-19 20:29:30.081904, 411, 187, 175, 100.0, 995.6889908612636, 2.930566788610304 
2021-12-19 21:29:46.161911, 437, 187, 178, 100.0, 996.1606174385976, 3.0118317197600843 
2021-12-19 22:30:02.241886, 426, 198, 175, 100.0, 996.0742080129228, 3.0727804670168553 
2021-12-19 23:30:18.321898, 426, 184, 176, 100.0, 996.4925859540722, 3.301338642486371 
2021-12-20 00:30:34.401922, 423, 178, 163, 100.0, 996.3822083091197, 3.413078409433365 
2021-12-20 01:30:50.481897, 434, 194, 178, 100.0, 996.2616873786257, 3.2556269602442627 
2021-12-20 02:31:06.561907, 422, 208, 174, 100.0, 996.3702580870263, 3.438473830657313 
2021-12-20 03:31:22.641892, 420, 212, 177, 100.0, 996.1981435287292, 3.413078409433365 
2021-12-20 04:31:38.783231, 421, 222, 173, 100.0, 996.2693695640176, 3.4740274325944482 
2021-12-20 05:31:54.924789, 406, 194, 192, 100.0, 996.3042481475146, 3.5451346792513503 
2021-12-20 06:32:11.066138, 419, 211, 178, 100.0, 996.6006801362792, 3.6975075427442787 
2021-12-20 07:32:27.207283, 417, 192, 175, 100.0, 996.9138478553228, 3.9260673291108104 
2021-12-20 08:32:43.348538, 417, 194, 197, 100.0, 997.7004458020917, 3.8092478091130033 
2021-12-20 09:32:59.489635, 418, 185, 178, 100.0, 998.2533010642276, 4.3679512538947165 
2021-12-20 10:33:15.630921, 414, 191, 163, 100.0, 998.5399827280879, 5.3533095477381725 
2021-12-20 11:33:31.772082, 426, 194, 176, 100.0, 998.4064851403133, 6.689147817628691 
2021-12-20 12:33:47.913533, 407, 189, 173, 100.0, 998.9578490982661, 6.323441042943159 
2021-12-20 13:34:04.054927, 400, 190, 181, 100.0, 999.2139286005454, 6.318361792806536 
2021-12-20 14:34:20.196365, 402, 188, 170, 100.0, 999.9720064393243, 6.313282542960951 
2021-12-20 15:34:36.337657, 390, 185, 171, 100.0, 1000.0109265548193, 6.5520076003158465 
2021-12-20 16:34:52.479041, 398, 192, 173, 100.0, 1000.5921593267079, 6.419946850836277 
2021-12-20 17:35:08.620450, 407, 185, 184, 100.0, 1001.1320825464645, 6.1964598768390715 
2021-12-20 18:35:24.761889, 399, 185, 169, 100.0, 1001.622870649633, 6.008528084825957 
2021-12-20 19:35:40.903054, 399, 196, 200, 100.0, 1001.991059854847, 6.089795837883139 
2021-12-20 20:35:57.041942, 400, 183, 170, 100.0, 1001.691617055148, 5.952656547818333 
2021-12-20 21:36:13.121919, 399, 190, 172, 100.0, 1001.3374907764279, 5.830755134765059 
2021-12-20 22:36:29.201911, 403, 185, 169, 100.0, 1000.9038805817726, 5.6428241180779874 
2021-12-20 23:36:45.281923, 420, 198, 170, 100.0, 1001.3912145923169, 5.12474608119228 
2021-12-21 00:37:01.361948, 360, 185, 171, 100.0, 1001.2508986073975, 5.332992771291174 
2021-12-21 18:45:25.821157, 344, 245, 237, 100.0, 1000.0578964334164, 5.79012136766687 
2021-12-21 19:45:41.973860, 332, 220, 212, 100.0, 999.8178364884939, 5.6732993910147345 
2021-12-21 20:45:58.115037, 352, 207, 211, 100.0, 999.8579867815725, 5.566635981574654 
2021-12-21 21:46:14.181933, 359, 221, 209, 100.0, 999.7428508586497, 5.708853889349848 
2021-12-21 22:46:30.281925, 372, 214, 210, 100.0, 999.5373758217809, 5.597111228317954 
2021-12-21 23:46:46.422506, 393, 220, 207, 100.0, 999.4300495687345, 4.576196166040608 
2021-12-22 00:47:02.562063, 409, 221, 209, 100.0, 998.4781059184545, 3.2607060348847883 
2021-12-22 01:47:18.703380, 415, 222, 207, 100.0, 998.0324793816555, 3.819406022131443 
2021-12-22 02:47:34.803340, 416, 221, 191, 100.0, 997.7540237575022, 4.220656367536867 
2021-12-22 03:47:50.872008, 409, 223, 212, 100.0, 996.8086439616569, 4.946974903554656 
2021-12-22 04:48:07.013539, 426, 189, 209, 100.0, 996.0703095115, 4.748887439869577 
2021-12-22 05:48:23.154723, 444, 225, 205, 100.0, 995.6467324974557, 5.094270996848354 
2021-12-22 06:48:39.296098, 414, 222, 205, 98.66947214245295, 995.0576914885012, 5.998369620932499 
2021-12-22 07:48:55.437292, 441, 222, 207, 100.0, 994.2302016723161, 5.363467937707901 
2021-12-22 08:49:11.579396, 442, 223, 220, 99.81176376802543, 993.7243449625977, 5.840913579449989 
2021-12-22 09:49:27.721877, 432, 220, 205, 95.2860081105415, 992.9345354299211, 6.689147817628691 
2021-12-22 10:49:43.861958, 440, 222, 205, 89.22355534440129, 992.0830361077527, 8.436434343276778 
2021-12-22 11:49:59.945939, 439, 220, 203, 87.5158021429289, 990.7132483342641, 10.808532501757146 
2021-12-22 12:50:16.087023, 425, 212, 200, 74.95545202391067, 989.7240081582815, 11.311405147617915 
2021-12-22 13:50:32.191915, 418, 218, 188, 86.4681876872203, 989.1154142753089, 9.259296321641887 
2021-12-22 14:50:48.241914, 433, 228, 200, 93.68139027820915, 988.2348443866005, 8.466910576639929 
2021-12-22 15:51:04.321929, 436, 202, 212, 100.0, 988.8808910049145, 7.501834940823028 
2021-12-22 16:51:20.461967, 450, 230, 202, 100.0, 987.9448098215513, 7.110728332772851 
2021-12-22 17:51:36.603315, 436, 206, 202, 98.19163658349908, 987.3377408176599, 7.329138303740183 
2021-12-22 18:51:52.648606, 444, 230, 202, 99.14633557651969, 986.9080836116818, 7.425645206519403 
2021-12-22 19:52:08.790065, 450, 221, 203, 100.0, 986.9561808278303, 6.43518461958156 
2021-12-22 20:52:24.931419, 446, 222, 201, 100.0, 986.9302186105102, 5.383784721139818 
2021-12-22 21:52:41.072705, 448, 223, 212, 100.0, 986.5584358366676, 6.099954312253976 
2021-12-22 22:52:57.144255, 445, 222, 225, 100.0, 986.5693214104365, 6.943111743271584 
2021-12-22 23:53:13.285740, 450, 223, 202, 99.80372468613842, 985.9787267706367, 6.43518461958156 
2021-12-23 00:53:29.427219, 454, 223, 204, 99.92417669387311, 985.460769545021, 6.425026106793666 
2021-12-23 01:53:45.568737, 451, 223, 204, 100.0, 985.6159431313823, 6.1050335498759525 
2021-12-23 02:54:01.691938, 452, 225, 217, 100.0, 985.9187287055329, 6.1964598768390715 
2021-12-23 03:54:17.833379, 452, 225, 207, 100.0, 985.7873835612324, 5.962815006473102 
2021-12-23 04:54:33.974649, 450, 224, 207, 100.0, 985.8591374909939, 5.60726964622736 
2021-12-23 05:54:50.115949, 447, 225, 204, 100.0, 986.0541869709635, 5.480289506033296 
2021-12-23 06:55:06.161847, 464, 236, 202, 100.0, 986.4858317681272, 5.0028458066808525 
2021-12-23 07:55:22.241926, 456, 225, 204, 99.47460163645738, 987.1113089637297, 4.44921750286594 
2021-12-23 08:55:38.321911, 458, 226, 201, 100.0, 987.9844542038135, 4.235893758223392 
2021-12-23 09:55:54.401898, 477, 232, 204, 98.15937983193942, 988.472606274777, 4.444138360122452 
2021-12-23 10:56:10.481909, 431, 226, 210, 94.80649246016078, 988.9918530351924, 4.804758218140341 
2021-12-23 11:56:26.561899, 461, 229, 209, 87.52609015345557, 988.6457230419848, 6.734861270547844 
2021-12-23 12:56:42.641940, 443, 228, 221, 83.00345351705266, 988.1529741917147, 7.644055953394854 
2021-12-23 13:56:58.783351, 425, 218, 215, 81.80049386302608, 987.8711417527745, 7.131045516673476 
2021-12-23 14:57:14.924679, 442, 216, 206, 88.21821852773144, 988.228571341306, 5.937418862018967 
2021-12-23 15:57:31.065856, 440, 210, 215, 93.99277504941219, 987.9815201019555, 5.048558389977552 
2021-12-23 16:57:47.207474, 444, 226, 215, 100.0, 988.1860271799676, 3.865117995120818 
2021-12-23 17:58:03.325496, 448, 239, 234, 95.54723041395755, 988.2095945372218, 4.195260722213424 
2021-12-23 18:58:19.452218, 454, 228, 188, 100.0, 987.9029080559407, 3.5705301383102777 
2021-12-23 19:58:35.594720, 450, 229, 208, 95.10683133320468, 987.8697315867815, 3.6822702446079347 
2021-12-23 20:58:51.661366, 436, 224, 209, 97.13048735139115, 987.6269098731893, 3.413078409433365 
2021-12-23 21:59:07.802843, 451, 219, 236, 93.83429773717084, 987.4027586275236, 3.6365583659149707 
2021-12-23 22:59:23.944279, 456, 233, 222, 94.97532365558219, 987.3136640215989, 3.6467165591428055 
2021-12-23 23:59:40.085583, 454, 243, 210, 93.81809569821654, 987.0099261457333, 3.438473830657313 
2021-12-24 00:59:56.151924, 470, 234, 247, 92.97661626837592, 986.6079245591777, 3.6162419829517605 
2021-12-24 02:00:12.292371, 458, 224, 212, 92.67725455716877, 985.6005041108197, 3.4283156612946186 
2021-12-24 03:00:28.433728, 468, 232, 202, 90.63787993874722, 984.5744685593351, 3.4943437829613684 
2021-12-24 04:00:44.492053, 452, 235, 214, 88.87719082705028, 982.5260922296594, 3.479106519749621 
2021-12-24 05:01:00.611925, 458, 250, 211, 97.72010065483434, 981.2226137214279, 2.9356458446243776 
2021-12-24 06:01:16.731925, 460, 199, 213, 100.0, 981.9531073301616, 2.549638417013921 
2021-12-24 07:01:32.801939, 464, 253, 221, 100.0, 981.1906910555786, 1.6506539507827256 
2021-12-24 08:01:48.881916, 506, 396, 228, 100.0, 980.1142578480207, 2.382030452141771 
2021-12-24 09:02:04.967586, 436, 234, 201, 100.0, 980.2482003741112, 2.6004287719726564 
2021-12-24 10:02:21.108803, 457, 228, 199, 99.93473871451727, 980.6955957600019, 2.234738865867257 
2021-12-24 11:02:37.241978, 454, 216, 208, 96.46799450607618, 981.121207694215, 3.0880176603794096 
2021-12-24 12:02:53.383119, 461, 224, 205, 100.0, 981.2403008833181, 2.6969305265753065 
2021-12-24 13:03:09.523906, 446, 225, 172, 90.4920042069106, 981.1379117312903, 3.966700241720537 
2021-12-24 14:03:25.665766, 452, 240, 208, 94.86919881141462, 981.2950883205739, 3.565451045916416 
2021-12-24 15:03:41.791952, 454, 271, 207, 96.49542065989651, 981.9182819933329, 2.427741683856584 
2021-12-24 16:03:57.891902, 454, 226, 196, 97.9944966206897, 982.8413588033698, 1.9655514268262777 
2021-12-24 17:04:14.031918, 452, 234, 198, 99.0642500391263, 983.3014827675212, 1.676048867055215 
2021-12-24 18:04:30.173128, 461, 221, 210, 98.94440586010046, 984.0735114689021, 1.7166807482251898 
2021-12-24 19:04:46.219053, 460, 230, 207, 98.52326942073297, 984.7690916920742, 1.742075683415169 
2021-12-24 20:05:02.297662, 462, 237, 212, 98.41388772182258, 985.9752420848837, 1.676048867055215 
2021-12-24 21:05:18.439271, 494, 232, 211, 97.48661752755957, 986.3788778252862, 1.467810768407071 
2021-12-24 22:05:34.580091, 458, 226, 212, 99.32409164199747, 986.5863619992244, 0.8888098459283356 
2021-12-24 23:05:50.722144, 463, 235, 213, 98.20445674080186, 987.4871938633897, 1.1427571532840375 
2021-12-25 00:06:06.859851, 462, 231, 211, 99.91270573742077, 988.002358899787, 0.939599249191815 
2021-12-25 01:06:23.002117, 460, 234, 250, 99.71969156589255, 987.9277305698903, 0.9091256037412677 
2021-12-25 02:06:39.143704, 468, 235, 214, 99.89686909420412, 988.678957721085, 0.9040466638514773 
2021-12-25 03:06:55.285129, 457, 236, 211, 99.66594025628896, 988.9631003184207, 0.9345203075557947 
2021-12-25 04:07:11.426427, 474, 238, 216, 99.13612813109104, 988.9983024986404, 1.137678200006485 
2021-12-25 05:07:27.566606, 470, 205, 210, 98.39754538322359, 988.4399362196658, 1.066572884679772 
2021-12-25 06:07:43.706586, 464, 225, 215, 93.8256638643169, 988.2316493228005, 1.5947851605946197 
2021-12-25 07:07:59.847144, 467, 212, 216, 95.2428790795115, 987.9573925690228, 1.5541533353039996 
2021-12-25 08:08:15.988173, 462, 257, 183, 93.65121649736795, 987.747751469875, 1.818260532640852 
2021-12-25 09:08:32.100107, 457, 238, 214, 91.21243211721537, 987.9022675518012, 2.427741683856584 
2021-12-25 10:08:48.241233, 456, 241, 211, 89.43718827720318, 987.7725831781353, 3.0575432762736456 
2021-12-25 11:09:04.311646, 451, 235, 216, 72.93073751835726, 987.3392374817711, 7.263107325532474 
2021-12-25 12:09:20.453051, 446, 226, 212, 82.60257993088848, 986.4654603719176, 4.423821792058879 
2021-12-25 13:09:36.591363, 448, 241, 204, 84.73012415294912, 985.9263892526618, 3.966700241720537 
2021-12-25 14:09:52.732077, 446, 232, 197, 94.10167451152459, 985.2425549495124, 3.235310664592544 
2021-12-25 15:10:08.873386, 448, 232, 186, 93.80123684706764, 984.9321469454467, 2.4582158514298498 
2021-12-25 16:10:25.016179, 440, 233, 215, 94.53947777241642, 984.775698605478, 2.011262443754822 
2021-12-25 17:10:41.158897, 457, 229, 216, 98.78207325598883, 984.449358265264, 1.0107044626551214 
2021-12-25 18:10:57.300095, 455, 233, 235, 98.26360755966581, 984.6365980187412, 1.0462570907780901 
2021-12-25 19:11:13.441481, 463, 161, 219, 100.0, 984.4924601237503, 0.3606017772632185 
2021-12-25 20:11:29.582384, 462, 230, 229, 100.0, 984.4522179448577, 0.3352072378853336 
2021-12-25 21:11:45.723602, 466, 236, 216, 97.8136917290797, 984.5950801381135, 0.4418643521668855 
2021-12-25 22:12:01.787985, 468, 236, 215, 100.0, 984.6582434290785, -0.853249066695571 
2021-12-25 23:12:17.907967, 472, 246, 222, 100.0, 984.8778367078879, -0.18791865454404616 
2021-12-26 00:12:34.049188, 467, 225, 221, 100.0, 984.9769464641072, 0.0558677849418018 
2021-12-26 01:12:50.190007, 472, 241, 219, 100.0, 984.6349149651287, -1.0817965290450957 
2021-12-26 02:13:06.331520, 490, 238, 217, 100.0, 985.0544009369772, -0.7516722275875509 
2021-12-26 03:13:22.473323, 462, 246, 206, 100.0, 985.7893288138922, -1.0614812229236121 
2021-12-26 04:13:38.521960, 475, 249, 267, 100.0, 985.6365313218349, -1.0919541803596076 
2021-12-26 05:13:54.662497, 471, 243, 220, 100.0, 985.877242391217, -1.3509738955413924 
2021-12-26 06:14:10.804270, 480, 242, 218, 100.0, 986.6411959875182, -0.9852987834950909 
2021-12-26 07:14:26.945444, 478, 281, 219, 100.0, 986.3269089897137, -1.3306586511200293 
2021-12-26 08:14:43.087010, 472, 242, 213, 100.0, 986.6344026739929, -1.0716388765664306 
2021-12-26 09:14:59.228895, 460, 235, 221, 100.0, 987.7251694868615, -0.8126183450222015 
2021-12-26 10:15:15.370350, 466, 243, 225, 100.0, 988.2541694292674, 0.9497571333369705 
2021-12-26 11:15:31.510949, 462, 245, 220, 100.0, 988.6475017524327, 1.0818097331619356 
2021-12-26 12:15:47.652689, 456, 237, 199, 100.0, 988.6368811356909, 1.5693902676051947 
2021-12-26 13:16:03.793976, 461, 244, 226, 100.0, 988.8889870512393, -0.14728762786253355 
2021-12-26 14:16:19.935086, 451, 226, 222, 100.0, 989.091228214859, -0.23362853729631752 
2021-12-26 15:16:36.076386, 488, 222, 224, 100.0, 989.2897960087804, -0.07618328634998761 
2021-12-26 16:16:52.217823, 488, 249, 257, 100.0, 989.5966068430566, -0.5231239139509853 
2021-12-26 17:17:08.359278, 483, 248, 232, 100.0, 989.9624721450714, -0.6704106724821031 
2021-12-26 18:17:24.500600, 465, 245, 227, 100.0, 989.5592347323062, -0.9395892884058412 
